,USER_ID,ARTICLE_ID,ARTICLE_TITLE,DATETIME,PROVINCE,KEYWORDS,CLASSCODE,AUTHOR,UNIT
0,e6e7417914f0cf47,scpr200409014,关于泡菜制作的九个问题,64113.0,福建省,,,何苦,
1,e6e7417914f0cf47,rlgy201303002,龙岩特产泡鸭爪生产工艺研究,64549.0,福建省,泡鸭爪;生产工艺;龙岩特产,,潘志明,闽西职业技术学院 福建龙岩 364000;闽西职业技术学院
2,e6e7417914f0cf47,njkj201210060,妙用下脚料加工美味食品,64573.0,福建省,下脚料;食品;美味;加工;蛋泡糊;鱼皮;椒盐;鱼肉,TS254.9,张勇强,"湖北省襄樊市樊城区人民路美食坊高级烹饪师,441000;湖北省襄樊市樊城区人民路美食坊高级烹饪师"
3,c85be6d9879314a9,jzjsjsj201510010,基于BIM的性能化分析手段在建筑防火设计中的研究与实践——以五大连池火山博物馆为例,59194.0,浙江省,,,陈培东,华东建筑设计研究总院事业三部;华东建筑设计研究总院
4,c85be6d9879314a9,tdbzsj202001040,京张高铁八达岭长城站防灾疏散救援强化设计,59677.0,浙江省,京张高铁;八达岭长城站;防灾疏散救援;综合监控平台;集成;互联;界面集成;联动控制预案;仿真培训,U458;U283,孙嵘,"中铁工程设计咨询集团有限公司,北京,100055;中铁工程设计咨询集团有限公司"
5,c85be6d9879314a9,xfjsycpxx201612004,基于BIM技术的建筑消防应用模型及某建筑火灾模拟探讨,59176.0,浙江省,BIM技术;建筑消防系统;人员疏散模拟,,张勇,"杭州市消防支队,浙江杭州,310000;杭州市消防支队"
6,e6e7417914f0cf47,spyjykf201612020,金针菇下脚料多糖脱色工艺及其抑菌活性,58288.0,福建省,金针菇下脚料多糖;聚酰胺层析;脱色;抑菌,,陈义勇;黄友如;刘晶晶;郑丽雪;冀宏;邱丽青;曹亚军,"常熟理工学院生物与食品工程学院,江苏常熟,215500;张家港市常兴菌业有限公司,江苏张家港,215623;常熟理工学院;张家港市常兴菌业有限公司"
7,e6e7417914f0cf47,spyjk201811020,卤鸡蛋,59007.0,福建省,,,美阔,
8,3693a1c3a4371ae7,fcyyy201803006,BIM技术在绿色建筑节能设计中的应用,59272.0,浙江省,建筑信息模型技术(BIM);Ecotect;绿色建筑;节能设计,TU205,张智健;杨莉琼;李甜,"西南科技大学 土木工程与建筑学院,四川 绵阳,621010;西南科技大学"
9,3693a1c3a4371ae7,xfkxyjs201703031,基于BIM的建筑火灾安全分析,59005.0,浙江省,建筑信息模型;火灾模拟;人员疏散;Revit API,X913.4;X932,道吉草;史健勇,"上海交通大学土木工程系,上海,200240;上海交通大学"
10,3252432d177ea521,zhxwwk200801006,T形掌背动脉皮支皮瓣逆行转移修复手指环形软组织缺损,67472.0,北京,,,,
11,3252432d177ea521,zhxwwk201503023,第一掌骨颈桡侧穿支皮瓣游离移植修复手指指腹软组织缺损的临床应用,67163.0,北京,,,,
12,3252432d177ea521,syswkzz201901013,经甲旁切口入路与经甲床切口入路治疗甲下血管球瘤的疗效分析,67041.0,北京,,,,
13,3252432d177ea521,zhzxsswk201201008,指背血管网皮瓣修复手指皮肤缺损,67312.0,北京,,,,
14,e6e7417914f0cf47,jstwfsp201103015,即食香辣兔肉加工工艺的研究,64957.0,福建省,兔肉;即食食品;腌制;油炸,TS251.54,董义;曾里,"四川大学食品科学与工程系,四川成都,610065;四川大学"
15,e6e7417914f0cf47,rlgy200202010,香辣猪手软包装产品的研制,65218.0,福建省,猪蹄;真空包装;高温高压杀菌,TS251,华进;刘民,"西南农业大学食品科学院,重庆,400716;西南大学"
16,3252432d177ea521,zhxwwk201301019,第二掌背动脉终末支双“n”形皮瓣修复拇指末节脱套伤,67283.0,北京,,,,
17,3252432d177ea521,zhxwwk200904010,手指侧方皮支皮瓣修复指端创面,67401.0,北京,,,,
18,72fa3f8b9d391905,lcyydzzz201953045,中药注射剂不良反应的特点及临床合理用药分析,141225.0,江西省,中药注射剂;不良反应;临床特点;合理用药,R288,周秀丽,"宁晋县妇幼保健院药房,河北 邢台,055550"
19,72fa3f8b9d391905,xkc-jy201004141,例谈古典概型中的抽样问题,142980.0,江西省,,O1,侯琰,靖江市第一中学;江苏靖江市第一中学
20,72fa3f8b9d391905,zgyxwz-zlxfc201202022,479例肝细胞癌先证者家族聚集性分析,143752.0,江西省,肝肿瘤;临床流行病学;横断面研究;二项分布,R735.7,林书瀚;肖军;黎乐群,"广西医科大学研究生学院;广西医科大学附属肿瘤医院肝胆外科,南宁,530021;广西医科大学;广西医科大学附属肿瘤医院"
21,72fa3f8b9d391905,jyjxlt201533075,启发式教学举例--条件概率、随机事件相互独立概念的讲解,142766.0,江西省,启发式教学;条件概率;随机事件间的独立性,G642.4,吴爱娟;贾鲁军,"北京工商大学 嘉华学院基础部,北京,101118;中国人民大学 信息学院,北京,100872;北京工商大学;中国人民大学"
22,72fa3f8b9d391905,zgyyyypjyfx201908035,中药注射剂主要不良反应类型及救治方法探讨,141660.0,江西省,中药注射剂;不良反应;过敏反应;过敏性休克;救治措施;急性严重过敏反应救治指南,R932,唐志芳;梅全喜;杨光义;李晓桐;曾聪彦;李淑女;杨洋,"深圳市宝安纯中医治疗医院药学部,广东深圳518101;深圳市宝安中医院(集团)药学部,广东深圳518000;深圳市宝安纯中医治疗医院药学部,广东深圳,518101;北京大学第三医院药学部,北京,100191;广州中医药大学附属中山中医院药学部,广东中山,528400;深圳市宝安中医院(集团)药学部,广东深圳,518000;广州中医药大学附属中山中医院"
23,72fa3f8b9d391905,sxjxtx200821029,妙用概率方法证明不等式,142983.0,江西省,概率思想;不等式;构造法,O1,张为民,"湖南师范大学数学与计算机科学学院,410081;湖南师范大学"
24,72fa3f8b9d391905,nmgzyy201901069,中药注射剂不良反应及药学干预实践探讨,141327.0,江西省,中药注射剂;不良反应;药学干预;实践,R286,黄振;伍敏玲,广州市第一人民医院 广东广州510180;广州市第一人民医院
25,72fa3f8b9d391905,xdzyjy201618095,随机事件的频率与概率,142743.0,江西省,随机事件;频率;概率,G712,孙丽萍,"庆阳职业技术学院,甘肃 庆阳,745000;庆阳职业技术学院"
26,72fa3f8b9d391905,zhongcy201902052,2015-2017年建湖县人民医院中药注射剂使用情况分析,141633.0,江西省,中药注射剂;使用金额;用药频度;用药分析;合理用药,R287,王永;郑爱东;鲍志伟;胡霞;刘婷婷;洪重阳,"建湖县人民医院,江苏建湖,224700;江苏建湖人民医院"
27,72fa3f8b9d391905,xnyxyxb200003010,医学诊断中的贝叶斯分析,142165.0,江西省,,R311,洪俊田;黄龙生,"咸宁医学院生物医学工程系,咸宁,437100;咸宁师范高等专科学校数学系,咸宁,437100;咸宁医学院;咸宁师范高等专科学校"
28,72fa3f8b9d391905,shanxzyxyxb201901028,中药注射剂不良反应与安全性评价研究,141277.0,江西省,中药注射剂;不良反应;对策;安全性,R288,武晓红,"山西中医学院附属医院,山西 太原,030024;山西中医学院附属医院"
29,72fa3f8b9d391905,sxjxtx200217018,用概率统计方法透视中国电脑体育彩票,143170.0,江西省,,O1,钟建新,"浙江省上虞春晖中学,312353;浙江上虞春晖中学"
30,72fa3f8b9d391905,yiyqy201907182,中药注射剂合理使用的药师药学干预分析,141587.0,江西省,中药注射剂;合理使用;药师药学干预;不良反应,R285,吴丽云,庆元县中医院药剂科 浙江 庆元 323800
31,3252432d177ea521,gygjsszz200704009,老年人股骨转子周围骨折的特点及手术方法的选择,119481.0,北京,,,,
32,3252432d177ea521,zhzxsswk201801017,游离桡动脉掌浅支皮瓣桥接再植拇指完全离断伴皮肤缺损一例,119104.0,北京,,,,
33,3693a1c3a4371ae7,zwstxb200606007,广西大青山南亚热带次生林演替过程的种群动态,45897.0,浙江省,南亚热带;次生常绿阔叶林;演替;种群动态;广西大青山,Q94,康冰;刘世荣;温远光;张跃进;姜在民;常建国,"西北农林科技大学生命科学学院,陕西杨凌,712100;中国林业科学研究院森林生态环境与保护研究所,北京,100091;中国林业科学研究院森林生态环境与保护研究所,北京,100091;广西大学林学院,南宁,530001;西北农林科技大学生命科学学院,陕西杨凌,712100;西北农林科技大学;中国林业科学研究院;广西大学"
34,3693a1c3a4371ae7,zwstxb200006011,中亚热带湿性常绿阔叶次生林自然恢复15年来群落乔木层的变化动态,45924.0,浙江省,,,包维楷;刘照光;刘朝禄;袁亚夫;刘仁东,
35,3693a1c3a4371ae7,swdyx200201002,祁连山北坡中段植物群落多样性的垂直分布格局,45944.0,浙江省,物种多样性;海拔梯度;DCCA;植物群落;张掖;祁连山北坡,Q948,王国宏,"中国科学院植物研究所植被数量生态学开放研究实验室,北京,100093;甘肃农业大学,兰州,730070;中国科学院植物研究所"
36,e6e7417914f0cf47,jtbj201302094,泡椒鸡杂,60448.0,福建省,,,彭忠富,
37,e6e7417914f0cf47,rlgy201210007,泡椒鸭舌加工工艺,60393.0,福建省,鸭舌;泡椒;加工工艺,TS972.125,李群和;胡霞;徐扬,"温州市农业科学研究院食品科学研究所,浙江温州,325006;温州市初旭食品有限公司,浙江温州,325013;浙江省温州市农业科学研究院;温州市初旭食品有限公司"
38,e6e7417914f0cf47,sdnyswxb201103011,泡椒制品发酵安全性评价研究,60088.0,福建省,泡椒;监测;检测;危害性物质,TQ920.6,母应春;谭书明;曾海英;李恒;苏伟,"贵州大学生命科学学院,贵州贵阳,550025;贵州大学"
39,e6e7417914f0cf47,zgtwp201608010,方便菜肴泡椒猪肝粒生产工艺优化,60080.0,福建省,方便菜肴;泡椒猪肝;生产工艺,TS251.92,卢雪松;丁捷;任正伟;彭毅秦;秦文;胡欣洁;周超进,"四川旅游学院,成都,610100;四川农业大学 食品学院,四川 雅安,625014;北京农学院科技产业集团,北京,102206;四川旅游学院;四川农业大学;北京农学院"
40,e6e7417914f0cf47,rlgy200909007,软包装泡椒耳片加工工艺,60322.0,福建省,泡椒;加工工艺;软包装,TS2,史奎春;徐宝才;江红波;周辉;王鹏,"南京雨润集团技术中心,江苏南京,210041;南京雨润集团"
41,72fa3f8b9d391905,sjlcyx201901056,129例中药注射剂药品不良反应分析,141829.0,江西省,中药注射剂;药品不良反应;分析;合理用药,R28,江南;江彦;周香意,"衡阳市中医医院,湖南衡阳,421001;衡阳市中医医院"
42,72fa3f8b9d391905,dkj-kxzm200503013,什么是大数法则?,142672.0,江西省,,,,
43,72fa3f8b9d391905,gdjssfxyxb200506022,大数定律与中心极限定理的实际应用,143077.0,江西省,大数定律;中心极限定理;随机事件的概率;随机现象,O175,唐莉;李雁如,"吉林农业大学信息技术学院,吉林,长春,130118;通化市农业推广总站,吉林,通化,134000;吉林农业大学;通化市农业推广总站"
44,72fa3f8b9d391905,sxtb200812002,随机事件的概率,142882.0,江西省,,O1,李秋生;梁丽平,"中国人民大学附属中学,100080;中国人民大学"
45,72fa3f8b9d391905,ddyylc201913114,对中药注射剂临床上不合理使用情况的分析,141611.0,江西省,中药注射剂;不良反应;不合理,R288,陈蓓蕾,"张家港市第一人民医院药学部,江苏 张家港,215600"
46,72fa3f8b9d391905,hnyxyj201915029,丹红注射液合理用药及不良反应分析,141780.0,江西省,中药注射剂;丹红注射液;不良反应;合理用药,R286,何巧玲,"焦作市第二人民医院 药剂科,河南 焦作,454150;河南焦作第二人民医院"
47,3252432d177ea521,xlyk201915168,曲安奈德局部疼痛点封闭治疗骨关节疼痛的疗效研究,140652.0,北京,,,,
48,72fa3f8b9d391905,zxsxjx200803013,几何概率解题典型错误类型及根源分析,143145.0,江西省,,O1,叶慧凤,"浙江省余姚市第三中学,315410;浙江省余姚市第三中学"
49,72fa3f8b9d391905,zgyykx201916024,抗肿瘤中药注射剂不良反应回顾性分析与临床合理用药的探讨,141536.0,江西省,中药注射液;抗肿瘤治疗;药物不良反应;合理用药,R286,张晓玙,"江苏省徐州市贾汪区人民医院药剂科,江苏徐州,221011"
50,3252432d177ea521,zhxwwk201502033,指固有动脉背侧支岛状皮瓣修复儿童指端指腹缺损,118811.0,北京,,,,
51,3252432d177ea521,zhxwwk201905027,邻指皮瓣移植修复难以再植的拇指末节离断伤,119024.0,北京,,,,
52,3252432d177ea521,zhgkzz98200112005,人工髋关节置换术后评估方法的研究,119457.0,北京,,,,
53,3252432d177ea521,zhswk201806017,吻合甲床静脉的拇指指尖再植,119053.0,北京,,,,
54,3252432d177ea521,syswkzz201401038,绞轧撕脱性拇指离断再植,119168.0,北京,,,,
55,3693a1c3a4371ae7,zgazzz201810011,中国乳腺癌患者BRCA1/2基因检测与临床应用专家共识(2018年版),124186.0,浙江省,,,中国医师协会精准治疗委员会乳腺癌专业委员会;中华医学会肿瘤学分会乳腺肿瘤学组;中国抗癌协会乳腺癌专业委员会,
56,e6e7417914f0cf47,spyjykf201613021,香辣风味香菇丝的加工技术及工艺研究,64812.0,福建省,菇柄;边角料;香菇丝;加工技术,,王桂桢;王世恒,"南阳农业职业学院,河南南阳,473000;南阳农业职业学院"
57,3252432d177ea521,zglcjpxzz200801006,指动脉皮支与指掌侧固有神经比邻关系及其临床意义,67571.0,北京,,,,
58,3252432d177ea521,zhcs201111023,掌背皮瓣修复手部皮肤缺损的研究进展,67331.0,北京,,,,
59,3252432d177ea521,zhxwwk201104001,手指全形再造的重要意义,67216.0,北京,,,,
60,3252432d177ea521,zhxwwk200802005,足背分裂皮瓣在类圆形皮肤缺损修复中的应用,67551.0,北京,,,,
61,e6e7417914f0cf47,ncpjg-cxb201210031,香辣猪肉干的加工,65001.0,福建省,,,郑怡;朱蔚文,
62,e6e7417914f0cf47,qywh-z201705229,陕北特色香辣羊肉罐头加工工艺研究,64884.0,福建省,羊肉;加工工艺;质量指标;地域性,,师帅,西北农林科技大学
63,e6e7417914f0cf47,scpr200103037,香辣大王鸽,65096.0,福建省,,,李永利,
64,e6e7417914f0cf47,gzspgykj201202011,响应面分析法优化盐焗骨泥鸡肉肠配方的研究,59484.0,福建省,鸡肉肠;凝胶强度;骨泥;淀粉;响应面分析,TS251.65,刘媛;阮征;李汴生;陈坚成;郭伟波;林光明,"华南理工大学轻工与食品学院,广东广州,510640;广东无穷食品有限公司,广东饶平,515726;华南理工大学;广东无穷食品有限公司"
65,e6e7417914f0cf47,spyjykf200103012,蕉叶盐焗乳鸽软罐头的研制,59698.0,福建省,乳鸽盐焗工艺软罐头,TS2,王新广;罗先群;罗文杰,海南大学理工学院;海南大学农学院;海南大学
66,e6e7417914f0cf47,kxyy201509010,即食泡椒牛蛙加工工艺,59103.0,福建省,,,简少卿;胡茂林;胡泽敏;杨大洲;虞鹏程,"南昌大学生命科学学院,江西南昌,330031;南昌大学"
67,3693a1c3a4371ae7,dnbcjqywh201715022,大数据与BIM模型在院校消防中的应用研究,59316.0,浙江省,大数据;BIM模型;室内三维定位;院校消防,,唐斌,"中国人民武装警察部队学院信息管理教研室,河北廊坊,065000"
68,e6e7417914f0cf47,gsnykj201001009,提高高温卤蛋出品率和完好率的工艺研究,58738.0,福建省,高温卤蛋;加工;出品率;完好率,S879.3,陈果忠,"天水农业学校,甘肃,清水,741400;天水农业学校"
69,3693a1c3a4371ae7,zgfdxx201925054,文化建筑综合体的设计探索与实践——以浏阳三馆合建项目为例,59241.0,浙江省,文化建筑综合体;设计理念;设计策略;集约化;共享,,岳鑫;汤迪莎,湖南省建筑设计院有限公司 湖南长沙 410012
70,3693a1c3a4371ae7,gyjz201802007,上海市胸科医院科教综合楼设计阶段的BIM应用,59048.0,浙江省,建筑信息模型(BIM);医院建筑;设计阶段;模拟分析,,蒋凤昌;周桂香;李永奎;董杰,"泰州职业技术学院,江苏泰州 225300;上海科瑞真诚建设项目管理有限公司,上海 200092;泰州职业技术学院,江苏泰州,225300;同济大学复杂工程管理研究院,上海,200092;上海科瑞漫拓信息技术有限公司,上海,200092;泰州职业技术学院;同济大学"
71,c85be6d9879314a9,kjzxdb201913087,航站楼性能化防火设计中的人员安全疏散研究,59221.0,浙江省,航站楼;PyroSim;Pathfinder;仿真模拟;烟气,X932,宋洋;张潇;王爱;荣新宁,中国民航大学人文社会科学学院 天津 300300;中国民航大学计算机科学与技术学院 天津 300300;中国民航大学
72,c85be6d9879314a9,tmjzgcxxjs201303011,基于BIM技术在逃生疏散模拟方面的初步研究,59146.0,浙江省,逃生疏散模拟;模拟动画;疏散口人数曲线图;区域人数变化曲线图,TU976+.56;TP391.9,杨烜峰;闫文凯,"中国建筑科学研究院BIM工程设计中心,北京,100013;中国建筑科学研究院"
73,3693a1c3a4371ae7,jzjsjsj201510010,基于BIM的性能化分析手段在建筑防火设计中的研究与实践——以五大连池火山博物馆为例,59194.0,浙江省,,,陈培东,华东建筑设计研究总院事业三部;华东建筑设计研究总院
74,e6e7417914f0cf47,dzsw200509041,盐焗食品'香'出财富,59601.0,福建省,,,,
75,3693a1c3a4371ae7,xbzwxb201907019,唐家河国家级自然保护区药用植物资源及多样性特征分析,42540.0,浙江省,药用植物资源;多样性;保护与利用;唐家河自然保护区,Q949.95,魏俊;郑维超;杨陈;张潇月;姚小兰;谌利民;郝建锋,"四川农业大学林学院,成都611130;广元市利州区林业和园林局,四川广元628000;四川省唐家河国家级自然保护区管理处,四川青川,628109;中国科学院成都生物研究所 成都610041;四川农业大学林学院,成都,611130;中国科学院成都生物研究所;四川农业大学"
76,3693a1c3a4371ae7,swdyx200004003,海南岛坝王岭热带天然林植物物种多样性研究,41244.0,浙江省,海南岛;热带天然林;植物物种多样性,Q16,胡玉佳;丁小球,"中山大学生命科学学院,广州,510275;中山大学"
77,e6e7417914f0cf47,lsltjs201811024,泡椒风味休闲食品安全现状及控制措施,60231.0,福建省,泡椒风味;食品安全;控制措施,TS201.6,张帆;王远亮,"湖南农业大学食品科学技术学院,湖南 长沙,410001"
78,3693a1c3a4371ae7,zhzl201907003,年轻乳腺癌诊疗与生育管理专家共识,124042.0,浙江省,,,中国年轻乳腺癌诊疗与生育管理专家共识专家委员会,
79,3693a1c3a4371ae7,xxgbxjz201903001,家族性高胆固醇血症分子遗传学研究进展,123923.0,浙江省,,,"孙洋,赵红",
80,3252432d177ea521,swjstx201903022,玻璃酸钠和曲安奈德治疗膝关节骨性关节炎的疗效比较,202143.0,北京,骨性关节炎;玻璃酸钠;曲安奈德;关节腔内注射,,张成生;马骁;葛海英;张志龙;韩庚奋;李迎晓,解放军第九六九医院;内蒙古 呼和浩特;010051
81,e6e7417914f0cf47,sxny200810051,香辣脆黄瓜的加工,64935.0,福建省,,,谢罡;明扬,
82,3252432d177ea521,zhxwwk201201018,骨间后动脉皮支链皮瓣的应用解剖,67352.0,北京,,,,
83,e6e7417914f0cf47,spyjk201005035,香辣水煮鱼,64905.0,福建省,,,文怡,
84,3252432d177ea521,zhonggwcwkzz201008021,跗外侧动脉皮瓣移植修复手足皮肤缺损,67427.0,北京,跗外侧动脉;皮神经;皮瓣;移植;皮肤缺损,,胡勇;王增涛;李淑媛;孙文海;许庆家;魏宝富,山东大学附属省立医院手足外科;济南;250021
85,e6e7417914f0cf47,spyjykf201818022,即食香辣秋刀鱼加工工艺及贮藏品质变化研究,64833.0,福建省,秋刀鱼;脱腥工艺;硫代巴比妥酸反应物;挥发性盐基氮;品质变化,,甄润英;陈影;梁静静;何新益,"天津农学院食品科学与生物工程学院,天津300384;天津市农副产品深加工技术工程中心,天津300384;天津农学院食品科学与生物工程学院,天津,300384;天津农学院"
86,3252432d177ea521,shandyy200415039,手外科与艺术,67496.0,北京,,,,
87,e6e7417914f0cf47,spkx200008023,特色风味酱卤蛋的研制,58695.0,福建省,蛋;卤制;真空包装;工艺条件,F4;TS2,刘志伟,"武汉工业学院食品科学与工程系,430023;武汉工业学院"
88,c85be6d9879314a9,zgfdxx201925054,文化建筑综合体的设计探索与实践——以浏阳三馆合建项目为例,59241.0,浙江省,文化建筑综合体;设计理念;设计策略;集约化;共享,,岳鑫;汤迪莎,湖南省建筑设计院有限公司 湖南长沙 410012
89,c85be6d9879314a9,fcyyy201803006,BIM技术在绿色建筑节能设计中的应用,59272.0,浙江省,建筑信息模型技术(BIM);Ecotect;绿色建筑;节能设计,TU205,张智健;杨莉琼;李甜,"西南科技大学 土木工程与建筑学院,四川 绵阳,621010;西南科技大学"
90,e6e7417914f0cf47,scpr201211026,盐焗与盐焗菜,59536.0,福建省,,,张更秋,
91,e6e7417914f0cf47,zgtwp201110014,金针菇腌制保鲜工艺技术研究,58017.0,福建省,金针菇;褐变;保鲜技术;护色,TS255.3,张长贵;曾文强;谢伍容;王兴华,"宜宾学院生命科学与食品工程学院发酵资源与应用四川省高校重点实验室,四川宜宾,644000;成都万良菌业开发有限公司,成都,611332;宜宾长宁食品药品监督管理局四川宜宾644007;成都建邑食品有限责任公司,成都,611330;宜宾学院;成都万良菌业开发有限公司;宜宾长宁食品药品监督管理局;成都建邑食品有限责任公司"
92,c85be6d9879314a9,xfkxyjs201703031,基于BIM的建筑火灾安全分析,59005.0,浙江省,建筑信息模型;火灾模拟;人员疏散;Revit API,X913.4;X932,道吉草;史健勇,"上海交通大学土木工程系,上海,200240;上海交通大学"
93,e6e7417914f0cf47,spyjykf201616032,烤卤蛋工艺研究,58644.0,福建省,烤卤蛋;调味料;烘烤;感官评定,,暴悦梅;任小青;辛世通,"天津市食品研究所有限公司,天津,301609;天津农学院食品科学与生物工程学院，天津市农副产品深加工技术工程中心，天津300384;天津市食品研究所有限公司;天津农学院"
94,3693a1c3a4371ae7,jtsj-gcjs201812060,BIM技术在公路工程施工安全管理中的应用,59120.0,浙江省,BIM;公路工程;施工;安全管理,U415.6,王艳才,"中海外交通建设有限公司,河北 石家庄,050000"
95,e6e7417914f0cf47,zwspgy201406009,去壳泡椒风味鹌鹑蛋休闲食品加工工艺,59054.0,福建省,鹌鹑蛋;泡椒风味;煮制,S839,全威,湖南农业大学食品科技学院 湖南长沙 410128;湖南农业大学
96,c85be6d9879314a9,dnbcjqywh201715022,大数据与BIM模型在院校消防中的应用研究,59316.0,浙江省,大数据;BIM模型;室内三维定位;院校消防,,唐斌,"中国人民武装警察部队学院信息管理教研室,河北廊坊,065000"
97,c85be6d9879314a9,kmyjgdzkxxxb201703013,基于BIM的应急管理研究综述,59151.0,浙江省,BIM;文献综述;应急管理;数据共享,TU17;TU998.1,陈永鸿;高志利;高雄,"昆明冶金高等专科学校建工学院,云南 昆明,650033;北达科他州立大学施工管理与工程系,美国 北达科他州 法戈 58102;昆明冶金高等专科学校"
98,e6e7417914f0cf47,zgtwp201905033,泡椒风味烤制鹌鹑蛋的工艺研究,59151.0,福建省,鹌鹑蛋;感官评分;正交试验;工艺,TS201.1,刘涵民;刘桂敏;姜竹茂;万腾腾;单静,"烟台大学生命科学学院,山东烟台,264000;烟台大学"
99,21fcb752968ee83a,spaqzljcjs201801005,正交试验法优化玛咖石斛片处方,85451.0,辽宁省,玛咖;铁皮石斛;正交实验,,侯代松;汤秀梅;丁江生;朱兆云,"云南省药物研究所,昆明 650111;云南白药集团创新研发中心,昆明 650111;云南省中药和民族药新药创制企业重点实验室,昆明 650111;云南省药物研究所"
100,3693a1c3a4371ae7,zhcrbzz201503006,高剂量氟康唑治疗难治性隐球菌脑膜炎的安全性与疗效,86005.0,浙江省,"脑膜炎,隐球菌性;氟康唑;高剂量;疗效;安全性",,赵华真;曹亚辉;陈艳琼;郑建铭;胡越凯;王睿莹;王璇;吴吉芹;朱利平,"复旦大学附属华山医院感染科,上海,200040;复旦大学附属华山医院"
101,21fcb752968ee83a,hnzyxyxb201505009,速溶药茶颗粒提取液干燥方法及成型工艺研究,86079.0,辽宁省,速溶药茶颗粒;正交设计;茶多酚;冷冻干燥;喷雾干燥;等级一致性检验法,R283,葛云鹏;肖作为;罗堃;陈光宇;何群;肖吉;付豪杰,"湖南中医药大学,湖南长沙,410208;湖南中医药大学,湖南长沙410208;湖南省药学“十二五”重点学科,湖南长沙410208;湖南中医药大学(湖南省中医药研究院)"
102,21fcb752968ee83a,kjzw201636033,正交设计筛选氨糖软骨钙片湿法制粒的制备工艺,85018.0,辽宁省,氨糖软骨素钙片;湿法制粒;制备工艺;正交设计,,胡文军,"汤臣倍健股份有限公司,广东 珠海,519040;汤臣倍健股份有限公司"
103,21fcb752968ee83a,sjzyy201803003,中药质量源于设计方法和应用:工艺建模,84848.0,辽宁省,质量源于设计;中药;系统建模;质量传递规律;质量预测,R283.3,石国琳;徐冰;林兆洲;史新元;戴幸星;乔延江,"北京中医药大学中药信息系,北京,102400;北京中医药大学中药信息系,北京,102400;北京市科委中药生产过程控制与质量评价北京市重点实验室,北京,102400;教育部中药制药与新药开发关键技术工程研究中心,北京,102400;首都医科大学附属北京中医医院,北京,100010;北京市卫生局临床药学研究所,北京,100035"
104,e6e7417914f0cf47,scpr200801046,香麻可口花椒菜,63950.0,福建省,,,,
105,e6e7417914f0cf47,spyfx201609026,耐二氧化硫乳酸菌的筛选鉴定及其在泡野山椒中的应用,63875.0,福建省,耐SO2;乳酸菌;泡野山椒;发酵,,胡露;胡凯弟;王兴洁;雷承延;周康;陈安均;刘书亮,"四川农业大学食品学院,四川雅安,625014;四川农业大学食品学院,四川雅安,625014;四川农业大学食品加工与安全研究所,四川雅安,625014;四川农业大学"
106,e6e7417914f0cf47,scprgdzkxxxb200303010,鲜椒调味技法,64449.0,福建省,,TS97,尹敏,
107,e6e7417914f0cf47,scpr200309032,番茄汁泡藕,64527.0,福建省,,,解金成,
108,72fa3f8b9d391905,zgyf201919020,2013-2018年西安市18家'三甲'医院中药注射剂不良反应/事件分析,141128.0,江西省,西安市;中药注射剂;药品不良反应;药品不良事件;合理用药,R969.3,寿晓嫒;郝宇;胡斌;薛小荣;翟宇瑶;王静;黄永亮;闵慧,"西安市第四医院药剂科,西安,714000;陕西省洛川县食品质量安全检验检测中心,陕西延安,727400;成都中医药大学临床医学院,成都,611137;成都中医药大学"
109,72fa3f8b9d391905,zgbzh201724086,浅述高斯分布在计量检定中的应用,143293.0,江西省,高斯分布;函数;不确定度评定;计量,,朱小文,大同市质量技术监督检验测试所
110,72fa3f8b9d391905,zgmzmjyyzz201910039,我院149例中药注射剂不良反应原因探析,141179.0,江西省,中药注射剂;不良反应;分析,R19,张婷;刘佳;聂晶磊;付敏,"昆明市中医医院,云南 昆明,650051;昆明市市中医医院"
111,3252432d177ea521,zwyxyj201934067,曲安奈德局部封闭结合CO2点阵激光治疗增生性瘢痕,140462.0,北京,,,,
112,3252432d177ea521,zgyszz201312013,拇指指端皮肤软组织缺损的岛状皮瓣修复,118931.0,北京,,,,
113,3252432d177ea521,zhhlzz200508035,关节置换术后深静脉血栓形成的预防护理进展,119463.0,北京,,,,
114,e6e7417914f0cf47,hbnykx201118044,香辣花生鸭丁酱的工艺研究,64860.0,福建省,鸭腿;酱;花生,TS251.5+5,张芸;徐华兴;卢永良;姚春霞;除申启,"湖北经济学院旅游与酒店管理学院,武汉,430205;湖北经济学院"
115,3252432d177ea521,zhgkzz98201304014,(足母)趾腓侧皮瓣在前足微小创面的应用,67262.0,北京,,,,
116,e6e7417914f0cf47,ybdxnxxb201903015,香辣刺嫩芽即食罐头的配方优化研究,65008.0,福建省,刺嫩芽;即食拌菜;正交设计;配方优化,TS295+.7,李楠;李范洙,"延边大学农学院 ,吉林延吉,133002;延边大学"
117,e6e7417914f0cf47,zgjq200921025,卤蛋成熟和风味形成机理初探,58576.0,福建省,,TS2,余秀芳;马美湖,"华中农业大学食品科技学院,湖北武汉,430070;华中农业大学"
118,e6e7417914f0cf47,spyjykf201617050,卤鸡蛋在贮藏过程中的品质变化,58791.0,福建省,卤鸡蛋;TBA值;挥发性盐基;贮藏;感官品质,,陈韬;袁书高;季云波;张鸿义;杨红梅,"云南老家生态食品有限公司，云南昆明650201; 云南农业大学食品科技学院，云南昆明650201;云南老家生态食品有限公司,云南昆明,650201;云南农业大学食品科技学院,云南昆明,650201;云南老家生态食品有限公司;云南农业大学"
119,3693a1c3a4371ae7,tmjzgcxxjs201303011,基于BIM技术在逃生疏散模拟方面的初步研究,59146.0,浙江省,逃生疏散模拟;模拟动画;疏散口人数曲线图;区域人数变化曲线图,TU976+.56;TP391.9,杨烜峰;闫文凯,"中国建筑科学研究院BIM工程设计中心,北京,100013;中国建筑科学研究院"
120,e6e7417914f0cf47,zgtwp200801011,烤蛋风味物质研究,58954.0,福建省,鸡蛋;卤制;烘烤;风味物质,TS253.4,乔秀红;李青萍;王向东;李志成,"西北农林科技大学,食品学院,陕西,杨凌,712100;山西师范大学,山西,临汾,041000;山西师范大学,山西,临汾,041000;西北农林科技大学,食品学院,陕西,杨凌,712100;西北农林科技大学;山西师范大学"
121,c85be6d9879314a9,ccgcxyxb201303015,商业建筑防火疏散研究,59344.0,浙江省,商业建筑;防火;疏散,TU892,杜昱霏,"吉林省建苑设计集团有限公司BIM设计院,长春,130012;吉林省建苑设计集团有限公司BIM设计院"
122,3693a1c3a4371ae7,ccgcxyxb201303015,商业建筑防火疏散研究,59344.0,浙江省,商业建筑;防火;疏散,TU892,杜昱霏,"吉林省建苑设计集团有限公司BIM设计院,长春,130012;吉林省建苑设计集团有限公司BIM设计院"
123,e6e7417914f0cf47,scpr200211008,客家盐焗卤水,59725.0,福建省,,,潘英俊,
124,e6e7417914f0cf47,zgtwp201108021,川味麻辣三丝新工艺的研究,58067.0,福建省,粉丝;金针菇;胡萝卜;生产工艺;配方,TS201.1,陈艳;冉旭;刘学文,"四川大学食品科学与工程系,成都,610065;四川大学"
125,e6e7417914f0cf47,rlyj201206007,盐焗鸡翅贮存特性的研究,59655.0,福建省,盐焗鸡翅;低温杀菌;保质期,TS205,任琳;赵冰;赵燕;陈文华;张春江;乔晓玲,"中国肉类食品综合研究中心,北京,100068;中国肉类食品综合研究中心"
126,e6e7417914f0cf47,spyfx200611028,不同杀菌方式对盐焗鸡翅根品质的影响,59272.0,福建省,盐焗鸡;微波杀菌;低温杀菌;品质,TS2,冯璐;芮汉明,"华南理工大学轻工与食品学院食品科学系,广州,510640;华南理工大学"
127,3693a1c3a4371ae7,kjzxdb201913087,航站楼性能化防火设计中的人员安全疏散研究,59221.0,浙江省,航站楼;PyroSim;Pathfinder;仿真模拟;烟气,X932,宋洋;张潇;王爱;荣新宁,中国民航大学人文社会科学学院 天津 300300;中国民航大学计算机科学与技术学院 天津 300300;中国民航大学
128,c85be6d9879314a9,gyjz201802007,上海市胸科医院科教综合楼设计阶段的BIM应用,59048.0,浙江省,建筑信息模型(BIM);医院建筑;设计阶段;模拟分析,,蒋凤昌;周桂香;李永奎;董杰,"泰州职业技术学院,江苏泰州 225300;上海科瑞真诚建设项目管理有限公司,上海 200092;泰州职业技术学院,江苏泰州,225300;同济大学复杂工程管理研究院,上海,200092;上海科瑞漫拓信息技术有限公司,上海,200092;泰州职业技术学院;同济大学"
129,3693a1c3a4371ae7,xfjsycpxx201612004,基于BIM技术的建筑消防应用模型及某建筑火灾模拟探讨,59176.0,浙江省,BIM技术;建筑消防系统;人员疏散模拟,,张勇,"杭州市消防支队,浙江杭州,310000;杭州市消防支队"
130,e6e7417914f0cf47,spyfx201502039,乳酸菌直投制备金针菇泡菜的风味物质分析,58309.0,福建省,金针菇;乳酸菌;泡菜;风味物质,,陈聪;董英;程新;肖香;史腊妮,"江苏大学食品与生物工程学院,江苏镇江,212013;江苏大学"
131,e6e7417914f0cf47,zgspwszz200505019,梅州市盐焗禽类食品防腐剂的调查分析,59388.0,福建省,家禽产品;食品防腐剂;卫生调查,R15;TS202.3;TS251.55,黄玉玲;罗萍;邹启荣;陈梅秀,"梅州市疾病预防控制中心,广东,梅州,514021;广东梅州市疾病预防控制中心"
132,e6e7417914f0cf47,ahnykx201321090,金针菇杏鲍菇复合菇罐头的开发工艺研究,58354.0,福建省,金针菇;杏鲍菇;复合菇罐头;工艺,S646,王翠娟,"漳州市同发食品工业有限公司,福建漳州,363000;漳州市同发食品工业有限公司"
133,e6e7417914f0cf47,zgtwp201904034,江湖风味泡椒香辣酱制作工艺研究,60128.0,福建省,泡椒;香辣酱;配方;制作工艺,TS201.1,袁益欢;陈祖明;周占富;王斌,"重庆商务职业学院,重庆,401331;四川旅游学院,成都,610100;重庆聚慧食品有限公司,重庆,401331;重庆商务职业学院;四川旅游学院"
134,e6e7417914f0cf47,spkx201322064,不同贮藏温度泡椒凤爪品质变化及货架期预测,59961.0,福建省,泡椒凤爪;贮藏特性;相关性;货架期,TS251.6,王晓霞;徐宁;秦晓杰;许昕;刘妙研;刘丹;肖红梅,"南京农业大学食品科技学院,农业部农畜产品加工与质量控制重点开放实验室,江苏南京 210095;南京市产品质量监督检验院,江苏南京,210028;南京农业大学;南京产品质量监督检验院"
135,3693a1c3a4371ae7,zhyx201802004,噬血细胞综合征诊治中国专家共识,124213.0,浙江省,,,"噬血细胞综合征中国专家联盟,中华医学会儿科学分会血液学组",
136,3693a1c3a4371ae7,zhblx201705002,BRCA数据解读中国专家共识,124264.0,浙江省,,,《BRCA数据解读中国专家共识》编写组,
137,3693a1c3a4371ae7,jzglxdh201905014,基于BIM与Pathfinder的楼梯间堆积物对 高层住宅建筑人群疏散影响研究,55048.0,浙江省,高层住宅建筑;BIM;人群疏散;Pathfinder;楼梯间堆积物,U998.1,张蒙;朱记伟;朱庆华;杨党锋,"西安理工大学 土木建筑工程学院,陕西 西安,710048;陕西省消防救援总队,陕西 西安,710018;中国电建集团西北勘测设计研究院有限公司 数字工程中心,陕西 西安,710065;西安理工大学"
138,72fa3f8b9d391905,zgwstj200302025,应用Excel做泊松分布及其近似正态分布的电脑实验,144396.0,江西省,,R19,李志春,"新乡医学院预防医学教研室,453003;新乡医学院"
139,72fa3f8b9d391905,zgwscy201907054,西药房抗生素管理与用药安全分析,146775.0,江西省,抗生素;西药房;合理用药;用药安全,R954,李莉,"龙口市南山养生谷肿瘤医院药学部,山东龙口,265706"
140,72fa3f8b9d391905,caiz201324004,积分在随机变量相关计算中的应用,145790.0,江西省,定积分;广义积分;二重积分;概率密度;分布函数;数学期望;方差,,郑素华;邓臻;韩淑芹,青岛工学院 基础教育学院 山东青岛 266300;青岛工学院
141,72fa3f8b9d391905,jsjxb201612003,开放量子行走:概率分布与中心极限定理,144848.0,江西省,量子行走;开放量子系统;概率分布;中心极限定理;量子计算,TP301,林运国;李永明,陕西师范大学计算机科学学院 西安 710119;福建农林大学计算机与信息学院 福州 350002;陕西师范大学计算机科学学院 西安 710119;陕西师范大学
142,72fa3f8b9d391905,hljsz200304054,关于某些数学恒等式的证明技巧,145551.0,江西省,古典概率;随机变量的数字特征;数学分析;恒等式,O17,赵琳,"黑龙江水利专科学校,基础部,哈尔滨,150086;黑龙江省水利高等专科学校"
143,72fa3f8b9d391905,cqdxxb200101007,区间概率随机变量及其数字特征,145617.0,江西省,区间概率;随机变量;分布列;数字特征,O159,钟佑明;吕恩琳;王应芳,"重庆大学 机械工程学院,;重庆工学院,;重庆大学;重庆理工大学"
144,72fa3f8b9d391905,cqydxyxb-zrkx201305025,基于数字特征直方图的图像检索算法,146150.0,江西省,离散余弦变换;图像检索;直方图;数字特征;压缩域,TP391,王剑峰;赵晓容;李明科,"重庆航天职业技术学院,重庆,400021;重庆航天职业技术学院"
145,72fa3f8b9d391905,zgjl201103025,不确定度评定的数字特征,145668.0,江西省,,TG806,耿维明,江苏省质量技术监督局
146,72fa3f8b9d391905,hqscxxdb201733030,风险决策中随机变量数字特征,145718.0,江西省,,,刘明忠,武汉交通职业学院
147,72fa3f8b9d391905,sxyxjy200806042,浙江湖州地区健康成人血清尿酸参考范围的制定,144614.0,江西省,湖州地区;健康成人;血清尿酸;高尿酸血症;低尿酸血症,R446.112,黄小华;龚志刚;沈国方;许金春,"湖州市南浔区中西医结合医院检验科,浙江湖州,313009;江西师范大学,南昌,330027;湖州市南浔区中西医结合医院;江西师范大学"
148,72fa3f8b9d391905,haixyx201906077,中医骨伤手法联合丹参注射液治疗颈椎病的疗效观察,146792.0,江西省,中医骨伤手法;颈椎病;丹参注射液;视觉模拟评分法,R969.4,位学东,黑龙江省佳木斯市中医院 佳木斯154000;黑龙江佳木斯市中医院
149,72fa3f8b9d391905,shtddxxb201905019,上海市高行社区老年人群糖尿病影响因素调查分析,146582.0,江西省,糖尿病;患病率;危险因素;整群随机抽样,R587.1,岳龙飞;郑亮;庄儒麟;周晓慧;刘中民,"同济大学附属东方医院上海市心衰研究所,上海,200120"
150,72fa3f8b9d391905,kjdkdz-xx201910153,关于中心极限定理的理解,145356.0,江西省,极限定理;单调不减;正态分布;中心极限定理,O172.2,李华灿;吴龙胜;李群芳,江西理工大学理学院 江西·赣州 341000;赣州师范高等专科学校 江西·赣州 341000;江西理工大学;赣州师范高等专科学校
151,3252432d177ea521,zhxwwk200903001,显微外科在手外科的应用与进展,137291.0,北京,,,,
152,72fa3f8b9d391905,slyyxzz200405004,二项分布及其应用,143800.0,江西省,二项分布;泊松定理;最可能值,R311,张艳娥;刘国义;孙建平;龙吉江,"河北省职工医学院管理系,保定,071000;河北省保定市第一联办技校;河北大学;河北省保定市第一联办技工学校"
153,e6e7417914f0cf47,scpr200112034,老干妈江湖菜,64189.0,福建省,,,黄小平,
154,e6e7417914f0cf47,zwfnesxjk201302035,超美味酸菜鱼,64574.0,福建省,,,笛子,
155,3252432d177ea521,zhxwwk201802004,一种新型瓦合皮瓣与腹部皮瓣修复手指远节脱套伤的疗效观察,118403.0,北京,,,,
156,3252432d177ea521,zhswk201605030,改良缝合法韧带重建治疗急性拇指掌指关节尺侧副韧带损伤,118600.0,北京,,,,
157,e6e7417914f0cf47,spkx201716024,四川泡椒对鲢鱼鱼糜凝胶风味特性的影响,60032.0,福建省,泡椒;鲢鱼鱼糜;顶空固相微萃取-气相色谱-质谱联用;主成分分析;电子舌,TS254.5,杨峰;巫朝华;范大明;黄建联;赵建新;闫博文;周文果;张文海;张灏,"江南大学食品学院,食品科学与技术国家重点实验室,江苏无锡 214122;福建安井食品股份有限公司,福建厦门,361022;江南大学食品学院,食品科学与技术国家重点实验室,江苏无锡 214122;江苏省食品安全与质量控制协同创新中心,江苏无锡 214122;江南大学;福建安井食品股份有限公司"
158,e6e7417914f0cf47,rlgy200904007,泡椒牛肉加工工艺及工业化问题初探,60370.0,福建省,泡椒牛肉;嫩化;发酵;杀菌,TS2,殷露琴;卢义伯;赵立庆,"江苏迈斯克食品有限公司技术中心,江苏南京,211200;江苏迈斯克食品有限公司"
159,e6e7417914f0cf47,rlgy201812008,Nisin对泡椒猪皮保质期的影响,60682.0,福建省,乳酸链球菌素;泡椒猪皮;保质期,,胡瑞瑞,西南大学动物科学学院 重庆荣昌 402460;西南大学
160,e6e7417914f0cf47,spwz200307122,山椒泡凤爪的开发,64383.0,福建省,,,,
161,e6e7417914f0cf47,sq-zh201351324,论商标侵权的认定——从“有友”牌泡椒凤爪侵权案谈起,63805.0,福建省,商标;商标侵权;侵权行为;构成要件;商标权,,彭薇;张辰英,西南政法大学法律硕士学院 重庆401120;西南政法大学
162,e6e7417914f0cf47,zgtwp201703013,泡制辣椒脆度影响因素的初探,64095.0,福建省,辣椒;泡制;脆度;质构仪,TS255.54,蒋纬;谭书明;胡颖,"遵义医药高等专科学校,贵州 遵义,563006;贵州大学 生命科学学院,贵阳,550025;遵义医学院,贵州 遵义,563000;遵义医药高等专科学校;贵州大学;遵义医学院"
163,72fa3f8b9d391905,hbgfyy201910020,活血化瘀类中药注射剂治疗缺血性中风的临床效果及不良反应评价,141544.0,江西省,活血祛瘀剂;缺血性中风;不良反应,R255.2,冯荣伟;王文习;马影;刘婷婷;贾丽霞,"050082 石家庄,中国人民解放军联勤保障部队第九八〇(白求恩国际和平)医院药剂科"
164,72fa3f8b9d391905,zhongcy201901051,不同溶媒对中药注射剂稳定性和安全性的影响,141664.0,江西省,中药注射剂;溶媒;稳定性;安全性,R287,王秋婷;苗秋丽;张杰;张永凯,"吉林大学第一医院,吉林长春,130021;吉林大学第一医院"
165,3252432d177ea521,zgsyyy201930057,曲安奈德与利多卡因局部封闭治疗跟骨骨质增生症的临床疗效分析,140486.0,北京,,,,
166,3252432d177ea521,sxhlzz200607004,人工关节置换术后病人的功能锻炼研究进展,119509.0,北京,,,,
167,3252432d177ea521,bqnjyxyxb201303045,拇指旋转撕脱性离断的再植体会,119264.0,北京,修复;旋转撕脱;拇指离断;再植,,邱尔钺,412007;湖南省株洲市中医伤科医院手足科
168,3252432d177ea521,zhswk200901011,双足带有同蒂多叶皮瓣的趾甲皮瓣移植治疗全手皮肤套脱伤,119414.0,北京,,,,
169,72fa3f8b9d391905,slyyxzz200601023,一般分布和多元正态分布的检验,144273.0,江西省,一般分布;多元正态分布;Pearson相关系数;条件概率;线性回归;马氏距离,R311,潘振宇;赵耐青,"复旦大学上海医学院,上海,200032;复旦大学公共卫生学院卫生统计教研室;复旦大学"
170,72fa3f8b9d391905,zglcylxzz201907033,2016年我国医保患者结构脂肪乳和中/长链脂肪乳的使用分析,146847.0,江西省,结构脂肪乳;中/长链脂肪乳;使用分析,R97,孙雪林;吕俊玲;张亚同;裴艺芳;胡欣,"北京医院 药学部/国家老年医学中心/药物临床风险与个体化应用评价北京市重点实验室,北京,100730"
171,72fa3f8b9d391905,kjxx201025420,棣莫弗-拉普拉斯中心极限定理应用中的一些问题,145476.0,江西省,棣莫弗-拉普拉斯中心极限定理;近似计算,O1,宁如云;李德清,"中国人民解放军军械工程学院基础部,河北,石家庄,050003;解放军军械工程学院"
172,72fa3f8b9d391905,sdsdxb-zrkx201802017,世界优秀男子跳远运动员的竞技表现特征分析,144779.0,江西省,奥运会;世锦赛;男子跳远;发挥率;成功率;变异系数,O157.5,刘海军;王锦,"昭通学院体育学院,657000,云南 昭通;云南民族大学体育学院,650031,昆明"
173,3252432d177ea521,zhswk200401010,桡骨远端Barton骨折的手术治疗,137408.0,北京,,,,
174,3252432d177ea521,zhswk200204006,外伤性指甲缺损的修复,137456.0,北京,,,,
175,3252432d177ea521,zhcs201608009,克氏针双夹扣法固定治疗伴骨质缺损的陈旧性骨性锤状指,118641.0,北京,,,,
176,3252432d177ea521,jhlt201911003,竹简文献中的心理语言运用及其心灵哲学意义,118283.0,北京,,,,
177,3252432d177ea521,zhswk201504021,改良邻指双叶皮瓣治疗指掌侧高压油漆注射伤,118743.0,北京,,,,
178,3252432d177ea521,zhzxsswk201503010,掌背穿支皮瓣滑移术在并指畸形指蹼重建中的应用,118690.0,北京,,,,
179,21fcb752968ee83a,spyjykf201920027,确定性筛选设计优化一种复合钙制剂的工艺,85240.0,辽宁省,复合钙;咀嚼片;确定性筛选设计;优化;湿法制粒,,李凯;张美萍;麻开香;柴彩云;王丽娟;徐晓霞;管勤浩;李晓慧,"北京振东光明药物研究院有限公司,北京,100089"
180,21fcb752968ee83a,zgyf201710026,肿节风颗粒特定条件下最优制粒区间研究,84687.0,辽宁省,肿节风颗粒;制粒区间;析因设计;含水量;润湿剂浓度;液固比,R283,钟绍金;韩珊颖;吉训恋;朱刚直,"海口市人民医院药学部,海口,570208;海口市人民医院"
181,3252432d177ea521,sygkzz201503031,微型钢板治疗足母趾近节趾骨陈旧骨折,118766.0,北京,,,,
182,3252432d177ea521,sygkzz201606024,指固有动脉背侧支皮瓣转位修复重度甲床缺损,118616.0,北京,甲床重度缺损;指动脉背侧支;皮瓣,,庞海涛;刘伟;李琪佳;王斌;张文龙,河北唐山市第二人民医院;河北 唐山;063000;河北联合大学;河北 唐山;063000
183,3252432d177ea521,zgjjssxzz201908003,急性闭合性跟腱断裂鞘膜修复的解剖学基础及临床应用,118333.0,北京,,,,
184,3693a1c3a4371ae7,stxb200803029,片断化常绿阔叶林的植物多样性,42947.0,浙江省,常绿阔叶林;片断化;植物多样性;边缘效应,Q145+.2,李铭红;宋瑞生;姜云飞;赵谷风;付海龙;郑英茂;于明坚,"浙江师范大学生态研究所,金华,321004;江西省德兴市林业局,德兴,334200;浙江大学生命科学学院,杭州,310028;浙江省九龙山国家级自然保护区管理局,遂昌,323300;浙江师范大学;江西德兴市林业局;浙江大学;浙江九龙山国家级自然保护区管理局"
185,3693a1c3a4371ae7,zwstxb200403010,滇南勐宋热带山地雨林的物种多样性与生态学特征,42753.0,浙江省,滇南勐宋;热带山地雨林;物种多样性;生态外貌特征,Q948,朱华;王洪;李保贵,"中国科学院西双版纳热带植物园昆明分部,昆明,650223;中国科学院西双版纳热带植物园"
186,72fa3f8b9d391905,zgwstj200105019,应用SPSS软件包做二项分布及其正态近似的电脑实验,144496.0,江西省,,R19,林爱华;柳青;骆福添,中山医科大学公共卫生学院卫生统计学教研室;中山大学
187,72fa3f8b9d391905,bfjtdxxb201406019,独立试验次数的数字特征,146125.0,江西省,TPFG模型;独立试验;母函数;分布;数字特征,O211.9,邵吉光,"北京交通大学理学院,北京,100044;北京交通大学"
188,72fa3f8b9d391905,fzgxjckxxb201003019,变异系数的抽样分布,144853.0,江西省,变异系数;抽样分布;分布密度,O157,赵彦晖;邢瑞芳;张水若,"西安建筑科技大学,理学院,陕西,西安,710055;西安建筑科技大学"
189,3252432d177ea521,zhcs200401010,肩袖损伤的影像学及关节镜诊疗价值,140386.0,北京,,,,
190,3252432d177ea521,zhswk200202004,掌指骨骨折AO微型钢板内固定25例报告,137312.0,北京,,,,
191,3252432d177ea521,zhswk200404012,掌骨头关节内骨折的治疗,137437.0,北京,,,,
192,21fcb752968ee83a,zgsl201321008,甜菜碱湿法制粒工艺参数研究,85189.0,辽宁省,甜菜碱;湿法制粒;工艺参数,S816.9,杨雪;王洪荣;邹益东;朱建全,扬州大学动物科学与技术学院;宜兴天石饲料有限公司;扬州大学
193,21fcb752968ee83a,sjzyy201803007,中药质量源于设计方法和应用:连续制造,84735.0,辽宁省,质量源于设计;中药;连续制造;停留时间分布模型;过程分析技术,R283.3,王芬;徐冰;刘雨;李建宇;史新元;乔延江,"北京中医药大学中药信息学系,北京,102400;北京市科委中药生产过程控制与质量评价北京市重点实验室,北京,100029;教育部中药制药与新药开发关键技术工程研究中心,北京,100029;江苏仅一联合智造有限公司,丹阳,212300;北京中医药大学中药信息学系,北京,102400;北京市科委中药生产过程控制与质量评价北京市重点实验室,北京,100029;教育部中药制药与新药开发关键技术工程研究中心,北京,100029"
194,21fcb752968ee83a,zgsyzz201805034,番泻叶颗粒的成型工艺试验,85594.0,辽宁省,番泻叶颗粒;成型性;溶化性;吸湿性,S853.72,胡军;毕海林;杨敬;苏玲;肖裕章;潘瑶;唐建华,"西南大学荣昌校区,重庆荣昌,402460;重庆方通动物药业有限公司,重庆荣昌,402460;西南大学;重庆方通动物药业有限公司"
195,21fcb752968ee83a,kxycf201708146,板蓝根无糖颗粒湿法制粒工艺研究,85305.0,辽宁省,板蓝根无糖颗粒;湿法摇摆制粒;乙醇架桥;正交试验,,逯丽丽,黑龙江珍宝岛药业股份有限公司
196,21fcb752968ee83a,xbyxzz200903040,近红外光谱技术在制药过程分析中的应用进展,85693.0,辽宁省,近红外光谱技术;制药过程分析;化学计量学,R927,王小亮;傅强;绳金房;杨欣,"西安交通大学医学院药学系,陕西,西安,710061;陕西省食品药品检验所,陕西,西安,710061;西安交通大学;陕西省食品药品检验所"
197,3252432d177ea521,jiepxzz201705013,内踝前动脉穿支为蒂的隐神经营养血管皮瓣修复足中前部背侧软组织缺损,118475.0,北京,,,,
198,3693a1c3a4371ae7,zgxhzz201904003,遗传性胸主动脉瘤/夹层基因检测及临床诊疗专家共识,124456.0,浙江省,,,国家心血管病专家委员会血管外科专业委员会,
199,3693a1c3a4371ae7,ysbjzn-x201939053,最易遗传的妇科病,124333.0,浙江省,,,胡丹,
200,3693a1c3a4371ae7,zhek201903003,儿童遗传病遗传检测临床应用专家共识,124017.0,浙江省,,,中华儿科杂志编辑委员会,
201,c85be6d9879314a9,jzglxdh201905014,基于BIM与Pathfinder的楼梯间堆积物对 高层住宅建筑人群疏散影响研究,55048.0,浙江省,高层住宅建筑;BIM;人群疏散;Pathfinder;楼梯间堆积物,U998.1,张蒙;朱记伟;朱庆华;杨党锋,"西安理工大学 土木建筑工程学院,陕西 西安,710048;陕西省消防救援总队,陕西 西安,710018;中国电建集团西北勘测设计研究院有限公司 数字工程中心,陕西 西安,710065;西安理工大学"
202,3693a1c3a4371ae7,kjwh201932067,青少年超重和肥胖与人际关系敏感的相关研究,144495.0,浙江省,,,"李果,徐莹",
203,3252432d177ea521,zhswk200203011,急诊修复拇指指腹缺损三种方法的研究,137360.0,北京,,,,
204,3252432d177ea521,zhswk201602021,克氏针弹性固定技术治疗Mallet骨折,118667.0,北京,,,,
205,3252432d177ea521,zhzxsswk201606006,侧方血管链皮瓣瓦合带血管蒂邻指皮瓣修复手指末节脱套伤,118576.0,北京,,,,
206,3693a1c3a4371ae7,zwstxb200406013,西双版纳热带山地雨林的植物多样性研究,42928.0,浙江省,植物多样性;热带山地雨林;西双版纳,Q948,李宗善;唐建维;郑征;李庆军;罗成昆;刘正安;李自能;段文勇;郭贤明,"中国科学院西双版纳热带植物园热带雨林生态系统定位研究站,云南勐腊,666303;西双版纳国家级自然保护区管理局,云南景洪,666300;中国科学院西双版纳热带植物园;云南省西双版纳州国家级自然保护区管理局"
207,21fcb752968ee83a,zgyy201916001,藿夏胶囊的提取和成型工艺研究,85140.0,辽宁省,藿夏胶囊;湿法制粒;提取工艺;成型工艺;工艺优化,R932;TQ460.6,梁丽莉;王柳萍;林忠秋;黄光明;谭承梅;杨斌;黄兴振,"广西医科大学药学院,广西 南宁,530021;广西中医药大学药学院,广西 南宁,530299;广西医科大学第一附属医院,广西 南宁,530000;广西医科大学;广西中医药大学;广西医科大学第一附属医院/广西医科大学第一临床医学院"
208,21fcb752968ee83a,jdxx201502010,板蓝根无糖颗粒湿法制粒工艺研究,85576.0,辽宁省,板蓝根无糖颗粒;湿法摇摆制粒;乙醇架桥;正交试验,,尚海宾,"河南创新药业有限公司,河南安阳,456150;河南创新药业有限公司"
209,21fcb752968ee83a,nxyxyxb200906068,益寿地仙颗粒的处方筛选及工艺研究,86075.0,辽宁省,益寿地仙颗粒;处方筛选;工艺优化,R28,杨建宏;孙磊;姚煜;李治芳,"宁夏医科大学药学院,银川,750004;宁夏医科大学"
210,21fcb752968ee83a,dfslybj201605006,阿奇霉素片颗粒湿法制粒的工艺研究,85312.0,辽宁省,阿奇霉素片;颗粒;湿法制粒;工艺,R943,郭春林;李颖,哈药集团制药六厂 150000;哈药集团制药六厂
211,e6e7417914f0cf47,zwspgy201403005,脱骨鸡爪开袋即食软包装制品加工工艺探析,64137.0,福建省,脱骨鸡爪;开袋即食;软包装;工艺流程;品质测定,TS206,冯桂萍;戴雪群,广州港阳香料科技有限公司 广东广州 510530;广州港阳香料科技有限公司
212,3252432d177ea521,zhswk200601017,AO微型钢板与交叉克氏针治疗掌、指骨骨折的疗效对比,137366.0,北京,,,,
213,3252432d177ea521,zhswk200303001,断指再植的发展与提高,137391.0,北京,,,,
214,3252432d177ea521,zhswk200304005,带指神经血管蒂的V - Y岛状推进皮瓣治疗指端皮肤缺损,137432.0,北京,,,,
215,3252432d177ea521,zhswk199803007,腕舟骨骨折的临床诊断和治疗,137412.0,北京,,,,
216,3252432d177ea521,zhswk200101019,指固有神经背侧支的应用解剖学研究,137315.0,北京,,,,
217,e6e7417914f0cf47,spyjk201411037,泡椒牛蛙,60539.0,福建省,,,文怡,
218,e6e7417914f0cf47,spyfx201922032,贮藏条件对新型泡椒凤爪脂质氧化的影响,60009.0,福建省,新型泡椒凤爪;脂质氧化;理化指标;贮藏温度;贮藏时间,,彭荣;蔡琼;刘丹;唐春红,"重庆工商大学环境与资源学院,重庆,400060"
219,e6e7417914f0cf47,rlgy201211020,泡椒肉制品中二氧化硫残留量的测定,60200.0,福建省,泡椒肉制品;二氧化硫;回流法,TS245,周石洋;陈玲,"重庆牧哥食品有限公司,重庆,401520;西南大学育才学院,重庆,401524;重庆牧哥食品有限公司;西南大学"
220,e6e7417914f0cf47,zgtwp201802022,泡椒银条加工工艺研究,59944.0,福建省,泡椒;银条;加工工艺,TS201.1,赵永敢;刁静雯,"漯河医学高等专科学校,河南漯河,462002;漯河医学高等专科学校"
221,e6e7417914f0cf47,zgtwp201501022,泡椒油卤水的工艺研究,60038.0,福建省,泡椒油卤水;香料配方;工艺,TS201.1,卢黎;黄继伟,"四川旅游学院,成都,610100;四川旅游学院"
222,e6e7417914f0cf47,spyjk201112029,海鲜奶油芝士焗龙虾,59770.0,福建省,,R151,文怡,
223,3693a1c3a4371ae7,zjlcyx201812046,不同代谢状态肥胖者远期疾病和死亡风险的meta分析,128053.0,浙江省,,,"柳海,邬宏剑,吴旭芳,刘丽丽",
224,3693a1c3a4371ae7,zgtykj201701007,不同BMI和心肺耐力水平的中年男性心血管疾病风险因素的特征研究,128384.0,浙江省,,,"周誉,王正珍,黄守清,赵俊彤",
225,21fcb752968ee83a,zyyxb201903017,辣木叶改善睡眠复方颗粒剂成型工艺研究,85282.0,辽宁省,辣木叶改善睡眠复方;颗粒剂;成型工艺,R283.6,李梦薇;顾文宏;温浩然;尹济云;韩星;冀艳华;刘洋,"北京中医药大学中药学院,北京,100102;云南天佑科技开发有限公司,云南 芒市,678400;北京中医药大学"
226,21fcb752968ee83a,zhongcy201901034,基于临床依从性的芪贞降糖颗粒成型工艺研究,85884.0,辽宁省,芪贞降糖颗粒;成型;临床依从性,R944,钱程;丁丽玉;王浣清;张丹;金诚;吴飞;冯怡,"复旦大学附属华东医院药剂科,上海,200040;上海中医药大学附属岳阳中西医结合医院药剂科,上海,200437;上海中医药大学附属岳阳中西医结合医院内分泌科,上海,200437;上海中医药大学创新中药研究院,中药现代制剂技术教育部工程研究中心,上海201203;复旦大学附属华东医院;上海中医药大学附属岳阳中西医结合医院"
227,21fcb752968ee83a,gwyx-yxfc201902012,高剪切湿法制粒工艺参数对格列齐特颗粒性质的影响,85064.0,辽宁省,格列齐特;高剪切湿法制粒;溶出度;粒径分布,R943,彭龙;陶敏;王琦;周朝阳;李志平;梅兴国;肖若蕾,"湖北科技学院药学院药学院,咸宁,437100;军事科学院军事医学研究院毒物药物研究所,北京,100850"
228,21fcb752968ee83a,zgyygy201707015,制粒工艺对盐酸二甲双胍片可压性的影响,85287.0,辽宁省,盐酸二甲双胍;颗粒;片剂;高剪切湿法制粒;流化床制粒;水分含量,R944.4,王月茹,"陕西国际商贸学院,陕西咸阳,712046;陕西国际商贸学院"
229,21fcb752968ee83a,zgyygy201603019,中药制粒工艺及其设备的研究概况,85332.0,辽宁省,中药;制粒工艺;制粒设备;湿法制粒;干法制粒;综述,R283,吴司琪;伍振峰;岳鹏飞;王雅琪;杨明,"江西中医药大学现代中药制剂教育部重点实验室,江西南昌,330004;江西中医药大学"
230,3252432d177ea521,zhxwwk201704017,游离鼻烟窝穿支皮瓣修复手指皮肤缺损12例,67095.0,北京,,,,
231,3252432d177ea521,qzysjx201914039,基于液压与PLC的箱涵件吊运装置设计,67020.0,北京,,,,
232,e6e7417914f0cf47,ncsykjxx200901032,香辣脆黄瓜的加工,65025.0,福建省,,,谢罡;明扬,
233,e6e7417914f0cf47,hnxmsy-x200504046,茶菇香辣麻鸡块的制作等,65031.0,福建省,,,,
234,3252432d177ea521,zhxwwk200806035,带皮神经手部筋膜皮瓣组合修复拇指末节脱套伤九例,67646.0,北京,,,,
235,3252432d177ea521,zhxwwk201706001,拇指尺侧指背动脉逆行岛状皮瓣修复拇指指端皮肤缺损,67070.0,北京,,,,
236,3252432d177ea521,zhxwwk201003002,皮瓣解剖学研究的三个阶段,67380.0,北京,,,,
237,3252432d177ea521,zhxwwk200604021,手背尺侧皮神经营养血管皮瓣的临床应用,67692.0,北京,,,,
238,3252432d177ea521,zhcs201403011,携带指动脉指背推进皮瓣修复指腹缺损,67187.0,北京,,,,
239,e6e7417914f0cf47,ncjjykj200405029,夹心香辣茄干的制作工艺,64984.0,福建省,,F3,薛勇,"黑龙江省佳木斯农业学校,154007;黑龙江农业职业技术学院"
240,3693a1c3a4371ae7,kmyjgdzkxxxb201703013,基于BIM的应急管理研究综述,59151.0,浙江省,BIM;文献综述;应急管理;数据共享,TU17;TU998.1,陈永鸿;高志利;高雄,"昆明冶金高等专科学校建工学院,云南 昆明,650033;北达科他州立大学施工管理与工程系,美国 北达科他州 法戈 58102;昆明冶金高等专科学校"
241,c85be6d9879314a9,xfkxyjs201806009,基于BIM和FEMA P-58的建筑地震次生火灾模拟,59169.0,浙江省,地震次生火灾;BIM;FEMAP-58;公共建筑;数值模拟,X913.4;TU352;TU242,许镇;张宗才;陆新征;张维;梁思思;龚佳振,"北京科技大学 土木与资源工程学院,北京,100083;清华大学 土木工程系,北京,100084;清华大学 建筑设计研究院有限公司,北京,100084;清华大学 建筑学院,北京,100084;北京科技大学;清华大学"
242,3693a1c3a4371ae7,xfkxyjs201806009,基于BIM和FEMA P-58的建筑地震次生火灾模拟,59169.0,浙江省,地震次生火灾;BIM;FEMAP-58;公共建筑;数值模拟,X913.4;TU352;TU242,许镇;张宗才;陆新征;张维;梁思思;龚佳振,"北京科技大学 土木与资源工程学院,北京,100083;清华大学 土木工程系,北京,100084;清华大学 建筑设计研究院有限公司,北京,100084;清华大学 建筑学院,北京,100084;北京科技大学;清华大学"
243,3693a1c3a4371ae7,tdbzsj202001040,京张高铁八达岭长城站防灾疏散救援强化设计,59677.0,浙江省,京张高铁;八达岭长城站;防灾疏散救援;综合监控平台;集成;互联;界面集成;联动控制预案;仿真培训,U458;U283,孙嵘,"中铁工程设计咨询集团有限公司,北京,100055;中铁工程设计咨询集团有限公司"
244,e6e7417914f0cf47,hbxmsy201305026,抽真空软包装卤制鹌鹑蛋加工工艺,58905.0,福建省,抽真空软包装;卤制鹌鹑蛋;加工工艺,TS253.8,邓位喜;肖礼华;史忠辉;张明富,"贵州省遵义市农业委员会,贵州遵义,563000;贵州梦润鹌鹑有限公司,贵州汇川,563124;贵州省遵义市农业委员会;贵州梦润鹌鹑有限公司"
245,c85be6d9879314a9,jtsj-gcjs201812060,BIM技术在公路工程施工安全管理中的应用,59120.0,浙江省,BIM;公路工程;施工;安全管理,U415.6,王艳才,"中海外交通建设有限公司,河北 石家庄,050000"
246,e6e7417914f0cf47,rlyj201407004,软包装卤鸡蛋的加工工艺,59024.0,福建省,,,王福红;崔晓娜;葛爱民;刘新勃,山东畜牧兽医职业学院 山东潍坊 261061;山东畜牧兽医职业学院
247,3693a1c3a4371ae7,zhyxxxdb201815007,《骨关节炎诊疗指南(2018年版)》发布,124808.0,浙江省,,,,
248,3252432d177ea521,zhxwwk201305024,改良指动脉顺行岛状皮瓣修复指端皮肤缺损,118977.0,北京,,,,
249,3252432d177ea521,zhwk200301012,人工关节置换术后肺栓塞的早期诊断和处理,119504.0,北京,,,,
250,3252432d177ea521,syswkzz201403023,拇指旋转撕脱性离断再植的临床研究,119144.0,北京,,,,
